<observable>
  <tm_host>192.168.153.140</tm_host>
  <performer_name>GrammaTech</performer_name>
  <tc_name>TC_C_196_v459_nb_lbin</tc_name>
  <harness_name>192.168.153.128</harness_name>
  <unique_id>6</unique_id>
  <filename>TC_C_196_v459_nb_lbin_obs_stage_two.xml</filename>
  <new_obs>
    <stage>2</stage>
    <start_time>Mon Nov 07 15:55:34 -0800 2011</start_time>
    <end_time>Mon Nov 07 15:55:34 -0800 2011</end_time>
    <status></status>
  </new_obs>
  <analyze_obs>
    <stage>2</stage>
    <start_time>Mon Nov 07 15:55:34 -0800 2011</start_time>
    <end_time>Mon Nov 07 15:56:41 -0800 2011</end_time>
    <status></status>
  </analyze_obs>
  <execute_obses>
    <execute_obs>
      <stage>2</stage>
      <start_time>Mon Nov 07 15:56:41 -0800 2011</start_time>
      <end_time>Mon Nov 07 15:56:42 -0800 2011</end_time>
      <status></status>
      <full_command></full_command>
      <full_command_output></full_command_output>
      <io_group>
        <co_process></co_process>
        <io_parameters>
          <io_parameter>
            <feature_id>139</feature_id>
            <order>1</order>
            <io_values>
              <io_value>
                <val>
RESULT: 27</val>
                <order>1</order>
              </io_value>
            </io_values>
          </io_parameter>
        </io_parameters>
      </io_group>
    </execute_obs>
    <execute_obs>
      <stage>2</stage>
      <start_time>Mon Nov 07 15:56:42 -0800 2011</start_time>
      <end_time>Mon Nov 07 15:56:43 -0800 2011</end_time>
      <status></status>
      <full_command></full_command>
      <full_command_output></full_command_output>
      <io_group>
        <co_process></co_process>
        <io_parameters>
          <io_parameter>
            <feature_id>139</feature_id>
            <order>1</order>
            <io_values>
              <io_value>
                <val>
RESULT: 0</val>
                <order>1</order>
              </io_value>
            </io_values>
          </io_parameter>
        </io_parameters>
      </io_group>
    </execute_obs>
    <execute_obs>
      <stage>2</stage>
      <start_time>Mon Nov 07 15:56:43 -0800 2011</start_time>
      <end_time>Mon Nov 07 15:56:45 -0800 2011</end_time>
      <status></status>
      <full_command></full_command>
      <full_command_output></full_command_output>
      <io_group>
        <co_process></co_process>
        <io_parameters>
          <io_parameter>
            <feature_id>139</feature_id>
            <order>1</order>
            <io_values>
              <io_value>
                <val>
RESULT: 31</val>
                <order>1</order>
              </io_value>
            </io_values>
          </io_parameter>
        </io_parameters>
      </io_group>
    </execute_obs>
    <execute_obs>
      <stage>2</stage>
      <start_time>Mon Nov 07 15:56:45 -0800 2011</start_time>
      <end_time>Mon Nov 07 15:56:46 -0800 2011</end_time>
      <status></status>
      <full_command></full_command>
      <full_command_output></full_command_output>
      <io_group>
        <co_process></co_process>
        <io_parameters>
          <io_parameter>
            <feature_id>139</feature_id>
            <order>1</order>
            <io_values>
              <io_value>
                <val>
RESULT: 4</val>
                <order>1</order>
              </io_value>
            </io_values>
          </io_parameter>
        </io_parameters>
      </io_group>
    </execute_obs>
    <execute_obs>
      <stage>2</stage>
      <start_time>Mon Nov 07 15:56:46 -0800 2011</start_time>
      <end_time>Mon Nov 07 15:56:47 -0800 2011</end_time>
      <status></status>
      <full_command></full_command>
      <full_command_output></full_command_output>
      <io_group>
        <co_process></co_process>
        <io_parameters>
          <io_parameter>
            <feature_id>139</feature_id>
            <order>1</order>
            <io_values>
              <io_value>
                <val>
RESULT: 4</val>
                <order>1</order>
              </io_value>
            </io_values>
          </io_parameter>
        </io_parameters>
      </io_group>
    </execute_obs>
  </execute_obses>
</observable>
<to_s/>
