<observable>
  <tm_host>192.168.153.140</tm_host>
  <performer_name>GrammaTech</performer_name>
  <tc_name>TC_C_191_v304_nb_lbin</tc_name>
  <harness_name>192.168.153.128</harness_name>
  <unique_id>1</unique_id>
  <filename>TC_C_191_v304_nb_lbin_obs_stage_two.xml</filename>
  <new_obs>
    <stage>2</stage>
    <start_time>Mon Nov 07 15:54:12 -0800 2011</start_time>
    <end_time>Mon Nov 07 15:54:12 -0800 2011</end_time>
    <status></status>
  </new_obs>
  <analyze_obs>
    <stage>2</stage>
    <start_time>Mon Nov 07 15:54:12 -0800 2011</start_time>
    <end_time>Mon Nov 07 15:55:24 -0800 2011</end_time>
    <status></status>
  </analyze_obs>
  <execute_obses>
    <execute_obs>
      <stage>2</stage>
      <start_time>Mon Nov 07 15:55:24 -0800 2011</start_time>
      <end_time>Mon Nov 07 15:55:25 -0800 2011</end_time>
      <status></status>
      <full_command></full_command>
      <full_command_output></full_command_output>
      <io_group>
        <co_process></co_process>
        <io_parameters>
          <io_parameter>
            <feature_id>139</feature_id>
            <order>1</order>
            <io_values>
              <io_value>
                <val>*************************************
*** Recaman's Sequence Generator  ***
*************************************

Enter a sequence number [ &gt;= 0 ]: 38

</val>
                <order>1</order>
              </io_value>
            </io_values>
          </io_parameter>
        </io_parameters>
      </io_group>
    </execute_obs>
    <execute_obs>
      <stage>2</stage>
      <start_time>Mon Nov 07 15:55:25 -0800 2011</start_time>
      <end_time>Mon Nov 07 15:55:26 -0800 2011</end_time>
      <status></status>
      <full_command></full_command>
      <full_command_output></full_command_output>
      <io_group>
        <co_process></co_process>
        <io_parameters>
          <io_parameter>
            <feature_id>139</feature_id>
            <order>1</order>
            <io_values>
              <io_value>
                <val>*************************************
*** Recaman's Sequence Generator  ***
*************************************

Enter a sequence number [ &gt;= 0 ]: </val>
                <order>1</order>
              </io_value>
            </io_values>
          </io_parameter>
        </io_parameters>
      </io_group>
    </execute_obs>
    <execute_obs>
      <stage>2</stage>
      <start_time>Mon Nov 07 15:55:26 -0800 2011</start_time>
      <end_time>Mon Nov 07 15:55:28 -0800 2011</end_time>
      <status></status>
      <full_command></full_command>
      <full_command_output></full_command_output>
      <io_group>
        <co_process></co_process>
        <io_parameters>
          <io_parameter>
            <feature_id>139</feature_id>
            <order>1</order>
            <io_values>
              <io_value>
                <val>*************************************
*** Recaman's Sequence Generator  ***
*************************************

Enter a sequence number [ &gt;= 0 ]: 28

</val>
                <order>1</order>
              </io_value>
            </io_values>
          </io_parameter>
        </io_parameters>
      </io_group>
    </execute_obs>
    <execute_obs>
      <stage>2</stage>
      <start_time>Mon Nov 07 15:55:28 -0800 2011</start_time>
      <end_time>Mon Nov 07 15:55:31 -0800 2011</end_time>
      <status></status>
      <full_command></full_command>
      <full_command_output></full_command_output>
      <io_group>
        <co_process></co_process>
        <io_parameters>
          <io_parameter>
            <feature_id>139</feature_id>
            <order>1</order>
            <io_values>
              <io_value>
                <val>*************************************
*** Recaman's Sequence Generator  ***
*************************************

Enter a sequence number [ &gt;= 0 ]: 63082

</val>
                <order>1</order>
              </io_value>
            </io_values>
          </io_parameter>
        </io_parameters>
      </io_group>
    </execute_obs>
    <execute_obs>
      <stage>2</stage>
      <start_time>Mon Nov 07 15:55:31 -0800 2011</start_time>
      <end_time>Mon Nov 07 15:55:32 -0800 2011</end_time>
      <status></status>
      <full_command></full_command>
      <full_command_output></full_command_output>
      <io_group>
        <co_process></co_process>
        <io_parameters>
          <io_parameter>
            <feature_id>139</feature_id>
            <order>1</order>
            <io_values>
              <io_value>
                <val>*************************************
*** Recaman's Sequence Generator  ***
*************************************

Enter a sequence number [ &gt;= 0 ]: 11

</val>
                <order>1</order>
              </io_value>
            </io_values>
          </io_parameter>
        </io_parameters>
      </io_group>
    </execute_obs>
  </execute_obses>
</observable>
<to_s/>
